[
	{
		"Nombre": "Alumno1",
		"Academico": 3,
		"Social":3, 
		"Sexo": 0,
		"Quiero Sentarme":["Alumno2","Alumno9"],
		"No quiero Sentarme":["Alumno4","Alumno5"],
		"Es capaz de ayudar":3,
		"Necesito ayuda" :0,
		"Organización" : 3,
		"Liderazgo":3,
		"Decision-Participacion":3,
		"Orden clase": 4
	},
	{
		"Nombre": "Alumno2",
		"Academico": 4,
		"Social":2, 
		"Sexo": 1,
		"Quiero Sentarme":["Alumno1"],
		"No quiero Sentarme": null,
		"Es capaz de ayudar":2,
		"Necesito ayuda" :3,
		"Organización" : 4,
		"Liderazgo":3,
		"Decision-Participacion":2,
		"Orden clase": 3
	},
	{
		"Nombre": "Alumno3",
		"Academico": 5,
		"Social": 3, 
		"Sexo": 1,
		"Quiero Sentarme":["Alumno1"],
		"No quiero Sentarme":["Alumno4"],
		"Es capaz de ayudar":5,
		"Necesito ayuda" : 0,
		"Organización" : 5,
		"Liderazgo":4,
		"Decision-Participacion":3,
		"Orden clase": 3
	},
	{
		"Nombre": "Alumno9",
		"Academico": 3,
		"Social":3, 
		"Sexo": 0,
		"Quiero Sentarme":["Alumno7"],
		"No quiero Sentarme":["Alumno4"],
		"Es capaz de ayudar":0,
		"Necesito ayuda" :3,
		"Organización" : 4,
		"Liderazgo":4,
		"Decision-Participacion":2,
		"Orden clase": 2
	},
	{
		"Nombre": "Alumno4",
		"Academico": 3,
		"Social":1, 
		"Sexo": 1,
		"Quiero Sentarme":["Alumno1"],
		"No quiero Sentarme":["Alumno5"],
		"Es capaz de ayudar":3,
		"Necesito ayuda" :2,
		"Organización" : 4,
		"Liderazgo":3,
		"Decision-Participacion":3,
		"Orden clase": 2
	},
	{
		"Nombre": "Alumno5",
		"Academico": 5,
		"Social":1, 
		"Sexo": 0,
		"Quiero Sentarme":["Alumno3"],
		"No quiero Sentarme":["Alumno2"],
		"Es capaz de ayudar":0,
		"Necesito ayuda" :3,
		"Organización" : 2,
		"Liderazgo":3,
		"Decision-Participacion":4,
		"Orden clase": 2
	},
	{
		"Nombre": "Alumno6",
		"Academico": 3,
		"Social":3, 
		"Sexo": 1,
		"Quiero Sentarme":["Alumno2"],
		"No quiero Sentarme":["Alumno4"],
		"Es capaz de ayudar":3,
		"Necesito ayuda" :0,
		"Organización" : 3,
		"Liderazgo":3,
		"Decision-Participacion":4,
		"Orden clase": 4
	},
	{
		"Nombre": "Alumno7",
		"Academico": 3,
		"Social":3, 
		"Sexo": 0,
		"Quiero Sentarme":["Alumno1"],
		"No quiero Sentarme":["Alumno3"],
		"Es capaz de ayudar":0,
		"Necesito ayuda" :3,
		"Organización" : 2,
		"Liderazgo":3,
		"Decision-Participacion":4,
		"Orden clase": 2
	},
	{
		"Nombre": "Alumno8",
		"Academico": 3,
		"Social":3, 
		"Sexo": 0,
		"Quiero Sentarme":["Alumno2"],
		"No quiero Sentarme":["Alumno4"],
		"Es capaz de ayudar":1,
		"Necesito ayuda" :1,
		"Organización" : 4,
		"Liderazgo":4,
		"Decision-Participacion":4,
		"Orden clase": 4
	},
		{
		"Nombre": "Alumno10",
		"Academico": 3,
		"Social":3, 
		"Sexo": 1,
		"Quiero Sentarme":["Alumno2"],
		"No quiero Sentarme":["Alumno4"],
		"Es capaz de ayudar":4,
		"Necesito ayuda" :1,
		"Organización" : 4,
		"Liderazgo":4,
		"Decision-Participacion":4,
		"Orden clase": 4
	},
		{
		"Nombre": "Alumno11",
		"Academico": 3,
		"Social":3, 
		"Sexo": 1,
		"Quiero Sentarme":["Alumno2"],
		"No quiero Sentarme":["Alumno4"],
		"Es capaz de ayudar":2,
		"Necesito ayuda" :2,
		"Organización" : 4,
		"Liderazgo":4,
		"Decision-Participacion":4,
		"Orden clase": 4
	},
		{
		"Nombre": "Alumno12",
		"Academico": 3,
		"Social":3, 
		"Sexo": 0,
		"Quiero Sentarme":["Alumno2"],
		"No quiero Sentarme":["Alumno4"],
		"Es capaz de ayudar":3,
		"Necesito ayuda" :0,
		"Organización" : 4,
		"Liderazgo":4,
		"Decision-Participacion":4,
		"Orden clase": 4
	},
	{
		"Nombre": "Alumno13",
		"Academico": 3,
		"Social":3, 
		"Sexo": 0,
		"Quiero Sentarme":["Alumno2"],
		"No quiero Sentarme":["Alumno4"],
		"Es capaz de ayudar":3,
		"Necesito ayuda" :0,
		"Organización" : 4,
		"Liderazgo":4,
		"Decision-Participacion":4,
		"Orden clase": 4
	},
	{
		"Nombre": "Alumno14",
		"Academico": 3,
		"Social":3, 
		"Sexo": 0,
		"Quiero Sentarme":["Alumno2"],
		"No quiero Sentarme":["Alumno4"],
		"Es capaz de ayudar":3,
		"Necesito ayuda" :0,
		"Organización" : 4,
		"Liderazgo":4,
		"Decision-Participacion":4,
		"Orden clase": 4
	},
	{
		"Nombre": "Alumno15",
		"Academico": 3,
		"Social":3, 
		"Sexo": 0,
		"Quiero Sentarme":["Alumno2"],
		"No quiero Sentarme":["Alumno4"],
		"Es capaz de ayudar":3,
		"Necesito ayuda" :0,
		"Organización" : 3,
		"Liderazgo":3,
		"Decision-Participacion":3,
		"Orden clase": 4
	},
	{
		"Nombre": "Alumno16",
		"Academico": 3,
		"Social":3, 
		"Sexo": 0,
		"Quiero Sentarme":["Alumno2"],
		"No quiero Sentarme":["Alumno4"],
		"Es capaz de ayudar":3,
		"Necesito ayuda" :0,
		"Organización" : 3,
		"Liderazgo":3,
		"Decision-Participacion":3,
		"Orden clase": 4
	}

	
	
	
	
]